round_num,race_name,code,FullName,TeamName,champ_pts,avg_finish,avg_grid,recent_form,sprint_pts,fp_avg_delta,avg_sector_delta,tyre_deg_slope,lap1_gain,teammate_delta,dnf_rate,avg_pitstop,penalty_count,sc_gain_avg,raw_score,win_pct,win_mc_pct,p10_win_pct,p90_win_pct,podium_mc_pct,finish_mc_pct,avg_mc_pos,p10_pos,p90_pos,compound_score,circuit_score,soft_delta,medium_delta,hard_delta,circuit_type_score,quali_gap_teammate,fp2_longrun_delta,momentum_pos,last_race_pts,last_race_pos,constructor_momentum,circuit_affinity,sector_balance,quali_pos_next,quali_time_next,fp_next_delta,fp2_next_longrun,soft_pace_delta,medium_pace_delta,hard_pace_delta,compound_preference,tyre_deg_rate,corner_profile_score,race_sim_delta,race_sim_deg,streak_score,post_dnf_bounce,championship_pressure,epistemic_unc,aleatoric_unc,gp_uncertainty,overtaking_ability,quali_consistency,wet_weather_delta,historical_dnf_rate,tyre_management_index,compatibility_score,press_sentiment,anomaly_score,sandbagging_flag,struggling_flag,race_threat_flag,sq_pos_next,sprint_quali_delta,lstm_score,gnn_score,tyre_inventory_score,corner_mastery_score
16,Bahrain Grand Prix in Malaysia,ANT,Andrea Kimi Antonelli,Mercedes,302.0,2.2393065475597314,3.4285714285714284,23.45,26.0,0.0,0.0,0.0,0.0,2.642857142857143,0.07142857142857142,23.658060606060605,2.0,0.0,0.8825122374901094,9.751139117119925,18.62,14.0,23.0,41.73,91.58,5.08,1.0,11.0,0.0,0.0,0.0,0.0,0.0,0.8076923076923077,22.0,0.0,1.25,25.0,1.0,0.6666666666666666,11.0,0.0,22.0,0.0,0.0,0.0,0.0,0.0,0.0,0.0,0.0,0.0,0.0,0.0,0.75,0.0,0.5,0.0,0.483,0.0,-1.4,4.564,-2.6144999999999996,0.214,0.0,0.8193,0.0,0.0,False,False,False,0.0,0.0,,,0.0,0.0
16,Bahrain Grand Prix in Malaysia,RUS,George Russell,Mercedes,236.0,4.514084402145352,3.0,12.95,34.0,0.0,0.0,0.0,0.0,-2.642857142857143,0.14285714285714285,23.658060606060605,0.0,0.0,0.8757366304521874,9.55493036250113,12.98,9.0,18.0,32.11,87.18,5.9,1.0,12.0,0.0,0.0,0.0,0.0,0.0,0.9423076923076923,22.0,0.0,3.9,10.0,5.0,0.6666666666666666,11.0,0.0,22.0,0.0,0.0,0.0,0.0,0.0,0.0,0.0,0.0,0.0,0.0,0.0,0.0,0.0,0.34134615384615385,0.0,0.693,0.0,1.833,5.776,-2.172,0.133,-0.081,0.9326,0.0,0.0,False,False,False,0.0,0.0,,,0.0,0.0
16,Bahrain Grand Prix in Malaysia,NOR,Lando Norris,McLaren,186.0,3.377580594912291,5.142857142857143,16.1,32.0,0.0,0.0,0.0,0.0,1.7857142857142858,0.21428571428571427,24.67035294117647,1.0,0.0,0.8520827026835741,8.900393651725274,11.41,8.0,15.0,28.73,83.13,6.11,1.0,12.0,0.0,0.0,0.0,0.0,0.0,1.0,22.0,0.0,2.9,15.0,3.0,0.3333333333333333,11.0,0.0,22.0,0.0,0.0,0.0,0.0,0.0,0.0,0.0,0.0,0.0,0.0,0.0,0.15,0.0,0.22115384615384615,0.0,0.613,0.0,1.75,4.788,-2.344,0.1,0.026,0.974,0.0,0.0,False,False,False,0.0,0.0,,,0.0,0.0
16,Bahrain Grand Prix in Malaysia,VER,Max Verstappen,Red Bull,163.0,4.467714306993373,6.214285714285714,14.4,12.0,0.0,0.0,0.0,0.0,0.7272727272727273,0.2857142857142857,22.982470588235294,0.0,0.0,0.7949472959805433,7.498397163593149,5.96,3.0,9.0,19.14,78.0,7.32,2.0,13.0,0.0,0.0,0.0,0.0,0.0,0.9423076923076923,22.0,0.0,5.3,18.0,2.0,0.0,11.0,0.0,22.0,0.0,0.0,0.0,0.0,0.0,0.0,0.0,0.0,0.0,0.0,0.0,0.3,0.0,0.16586538461538464,0.0,1.007,0.0,5.111,6.342,-0.698,0.033,0.14,0.8213,0.0,0.0,False,False,False,0.0,0.0,,,0.0,0.0
16,Bahrain Grand Prix in Malaysia,LEC,Charles Leclerc,Ferrari,179.0,6.064356766951602,4.357142857142857,8.1,28.0,0.0,0.0,0.0,0.0,-1.9285714285714286,0.21428571428571427,23.8684,0.0,0.0,0.7828687898967587,7.231552677321686,5.5,3.0,9.0,18.36,82.16,7.59,2.0,14.0,0.0,0.0,0.0,0.0,0.0,0.6346153846153846,22.0,0.0,9.55,12.0,4.0,0.0,11.0,0.0,22.0,0.0,0.0,0.0,0.0,0.0,0.0,0.0,0.0,0.0,0.0,0.0,0.0,0.0,0.20432692307692307,0.0,1.091,0.0,1.824,4.993,-2.089,0.167,0.0,0.9791,0.0,0.0,False,False,False,0.0,0.0,,,0.0,0.0
16,Bahrain Grand Prix in Malaysia,HAM,Lewis Hamilton,Ferrari,199.0,7.12075248841676,4.357142857142857,4.699999999999999,20.0,0.0,0.0,0.0,0.0,1.9285714285714286,0.07142857142857142,23.8684,1.0,0.0,0.7439041053120774,6.433763782339745,5.9,3.0,10.0,19.08,91.76,7.72,2.0,13.0,0.0,0.0,0.0,0.0,0.0,0.5961538461538461,22.0,0.0,13.65,0.0,22.0,0.0,11.0,0.0,22.0,0.0,0.0,0.0,0.0,0.0,0.0,0.0,0.0,0.0,0.0,0.0,0.0,1.0,0.25240384615384615,0.0,1.186,0.0,2.621,5.726,-3.251,0.117,0.118,0.9043,0.0,0.0,False,False,False,0.0,0.0,,,0.0,0.0
16,Bahrain Grand Prix in Malaysia,PIA,Oscar Piastri,McLaren,120.0,7.126771472658098,5.642857142857143,6.2,21.0,0.0,0.0,0.0,0.0,-1.7857142857142858,0.2857142857142857,24.67035294117647,1.0,0.0,0.7087854409857149,5.790413592226995,5.67,3.0,8.0,17.79,79.7,7.39,2.0,13.0,0.0,0.0,0.0,0.0,0.0,0.8461538461538461,22.0,0.0,7.4,4.0,8.0,0.3333333333333333,11.0,0.0,22.0,0.0,0.0,0.0,0.0,0.0,0.0,0.0,0.0,0.0,0.0,0.0,0.0,0.0,0.0625,0.0,0.882,0.0,-0.867,4.788,-3.8,0.15,-0.056,0.8711,0.0,0.0,False,False,False,0.0,0.0,,,0.0,0.0
16,Bahrain Grand Prix in Malaysia,HAD,Isack Hadjar,Red Bull,86.0,5.937292617319345,9.272727272727273,8.3,0.0,0.0,0.0,0.0,0.0,-0.7272727272727273,0.36363636363636365,22.982470588235294,1.0,0.0,0.6842438952909715,5.379412051602917,3.56,2.0,6.0,12.4,74.99,8.34,2.0,14.0,0.0,0.0,0.0,0.0,0.0,0.34615384615384603,22.0,0.0,5.85,8.0,6.0,0.0,11.0,0.0,22.0,0.0,0.0,0.0,0.0,0.0,0.0,0.0,0.0,0.0,0.0,0.0,0.0,0.0,0.0,0.0,1.124,0.0,-1.5,3.991,-2.6144999999999996,0.5,0.0,0.794,0.0,0.0,False,False,False,0.0,0.0,,,0.0,0.0
16,Bahrain Grand Prix in Malaysia,LAW,Liam Lawson,Racing Bulls,59.0,8.709363621964153,11.0,5.1,3.0,0.0,0.0,0.0,0.0,1.5714285714285714,0.42857142857142855,24.3564375,1.0,0.0,0.638127341094414,4.684360568468015,4.1,2.0,7.0,13.42,68.63,7.83,2.0,14.0,0.0,0.0,0.0,0.0,0.0,0.4999999999999999,22.0,0.0,8.65,8.0,6.0,0.0,11.0,0.0,22.0,0.0,0.0,0.0,0.0,0.0,0.0,0.0,0.0,0.0,0.0,0.0,0.0,0.0,0.0,0.0,1.22,0.0,0.111,4.594,-2.6144999999999996,0.36,0.0,0.9604,0.0,0.0,False,False,False,0.0,0.0,,,0.0,0.0
16,Bahrain Grand Prix in Malaysia,LIN,Arvid Lindblad,Racing Bulls,37.0,9.293062223793346,10.642857142857142,2.25,1.0,0.0,0.0,0.0,0.0,-1.0714285714285714,0.6428571428571429,24.3564375,0.0,0.0,0.6038797848093795,4.226975614860909,2.83,1.0,5.0,10.39,55.71,8.06,2.0,14.0,0.0,0.0,0.0,0.0,0.0,0.5384615384615384,22.0,0.0,9.2,2.0,9.0,0.0,11.0,0.0,22.0,0.0,0.0,0.0,0.0,0.0,0.0,0.0,0.0,0.0,0.0,0.0,0.0,1.0,0.0,0.0,1.413,0.0,0.5085000000000001,5.1645,-2.6144999999999996,0.3135,0.0,0.9942,0.0,0.0,False,False,False,0.0,0.0,,,0.0,0.0
16,Bahrain Grand Prix in Malaysia,GAS,Pierre Gasly,Alpine F1 Team,41.0,10.197414291363733,10.571428571428571,1.9499999999999997,2.0,0.0,0.0,0.0,0.0,1.0714285714285714,0.5714285714285714,23.657290322580643,1.0,0.0,0.5795802065845983,3.929797972196202,3.04,1.0,5.0,10.37,59.94,8.19,2.0,14.0,0.0,0.0,0.0,0.0,0.0,0.38461538461538447,22.0,0.0,10.2,0.0,12.0,0.0,11.0,0.0,22.0,0.0,0.0,0.0,0.0,0.0,0.0,0.0,0.0,0.0,0.0,0.0,0.0,1.0,0.0,0.0,1.316,0.0,1.296,5.306,-2.885,0.417,-0.194,0.9823,0.0,0.0,False,False,False,0.0,0.0,,,0.0,0.0
16,Bahrain Grand Prix in Malaysia,COL,Franco Colapinto,Alpine F1 Team,27.0,9.310422241499944,12.642857142857142,3.6,0.0,0.0,0.0,0.0,0.0,-1.0714285714285714,0.5,23.657290322580643,0.0,0.0,0.5785905098644352,3.9181473521337704,2.5,1.0,4.0,9.75,64.57,8.45,3.0,14.0,0.0,0.0,0.0,0.0,0.0,0.6923076923076923,22.0,0.0,9.05,6.0,7.0,0.0,11.0,0.0,22.0,0.0,0.0,0.0,0.0,0.0,0.0,0.0,0.0,0.0,0.0,0.0,0.0,0.0,0.0,0.0,1.2,0.0,0.333,4.653,-2.6144999999999996,0.619,0.375,0.9524,0.0,0.0,False,False,False,0.0,0.0,,,0.0,0.0
16,Bahrain Grand Prix in Malaysia,HUL,Nico Hülkenberg,Audi,7.0,10.511773523392534,11.571428571428571,1.2,0.0,0.0,0.0,0.0,0.0,-2.0714285714285716,0.7142857142857143,24.921277777777775,0.0,0.0,0.48932604040147265,2.9976406205946633,2.42,1.0,4.1,7.94,50.69,8.51,3.0,14.0,0.0,0.0,0.0,0.0,0.0,0.21153846153846156,22.0,0.0,10.25,1.0,10.0,0.0,11.0,0.0,22.0,0.0,0.0,0.0,0.0,0.0,0.0,0.0,0.0,0.0,0.0,0.0,0.0,1.0,0.0,0.0,1.281,0.0,0.0,5.723,-3.315,0.517,-0.097,0.9985,0.0,0.0,False,False,False,0.0,0.0,,,0.0,0.0
16,Bahrain Grand Prix in Malaysia,BOR,Gabriel Bortoleto,Audi,10.0,11.174162214667316,12.357142857142858,0.0,0.0,0.0,0.0,0.0,0.0,2.0714285714285716,0.6428571428571429,24.921277777777775,0.0,0.0,0.4609602129147263,2.753101342063342,2.29,0.0,4.0,8.07,55.56,8.72,3.0,14.0,0.0,0.0,0.0,0.0,0.0,0.46153846153846145,22.0,0.0,12.3,0.0,13.0,0.0,11.0,0.0,22.0,0.0,0.0,0.0,0.0,0.0,0.0,0.0,0.0,0.0,0.0,0.0,0.0,1.0,0.0,0.0,1.747,0.0,-1.333,5.584,-2.6144999999999996,0.429,0.0,0.8212,0.0,0.0,False,False,False,0.0,0.0,,,0.0,0.0
16,Bahrain Grand Prix in Malaysia,TSU,Yuki Tsunoda,Racing Bulls,1.0,11.157894736842103,14.0,0.3,0.0,0.0,0.0,0.0,0.0,-2.3333333333333335,0.6666666666666666,24.3564375,0.0,0.0,0.42545006108408173,2.474894036310995,2.7,1.0,5.0,10.28,74.56,8.72,3.0,14.0,0.0,0.0,0.0,0.0,0.0,0.34615384615384603,22.0,0.0,12.2,0.0,14.0,0.0,11.0,0.0,22.0,0.0,0.0,0.0,0.0,0.0,0.0,0.0,0.0,0.0,0.0,0.0,0.0,1.0,0.0,0.0,1.481,0.0,0.091,6.852,-1.465,0.45,-0.125,0.7596,0.0,0.0,False,False,False,0.0,0.0,,,0.0,0.0
16,Bahrain Grand Prix in Malaysia,OCO,Esteban Ocon,Haas F1 Team,7.0,11.991312228775948,14.857142857142858,0.0,0.0,0.0,0.0,0.0,0.0,0.7857142857142857,0.7142857142857143,26.505837837837838,0.0,0.0,0.4114790610083558,2.3733075697756063,1.99,0.9,3.0,6.7,51.31,8.86,3.0,15.0,0.0,0.0,0.0,0.0,0.0,0.4423076923076922,22.0,0.0,13.95,0.0,11.0,0.0,11.0,0.0,22.0,0.0,0.0,0.0,0.0,0.0,0.0,0.0,0.0,0.0,0.0,0.0,0.0,1.0,0.0,0.0,1.055,0.0,0.684,5.061,-4.498,0.525,-0.032,0.9961,0.0,0.0,False,False,False,0.0,0.0,,,0.0,0.0
16,Bahrain Grand Prix in Malaysia,BEA,Oliver Bearman,Haas F1 Team,20.0,12.751257766304386,15.142857142857142,0.0,1.0,0.0,0.0,0.0,0.0,-0.7857142857142857,0.7142857142857143,26.505837837837838,0.0,0.0,0.39125153117025757,2.233571763375863,1.76,0.9,3.1,6.57,50.5,8.99,3.0,15.0,0.0,0.0,0.0,0.0,0.0,0.3076923076923076,22.0,0.0,16.6,0.0,16.0,0.0,11.0,0.0,22.0,0.0,0.0,0.0,0.0,0.0,0.0,0.0,0.0,0.0,0.0,0.0,0.0,1.0,0.0,0.0,1.25,0.0,1.6,5.268,-2.6144999999999996,0.235,0.0,0.9739,0.0,0.0,False,False,False,0.0,0.0,,,0.0,0.0
16,Bahrain Grand Prix in Malaysia,ALB,Alexander Albon,Williams,5.0,12.134405659397663,16.857142857142858,0.0,0.0,0.0,0.0,0.0,0.0,-1.8571428571428572,0.7857142857142857,26.468785714285715,1.0,0.0,0.33341353684239966,1.877775832728775,1.55,0.0,3.0,5.94,46.37,9.03,3.0,15.0,0.0,0.0,0.0,0.0,0.0,0.32692307692307676,22.0,0.0,16.0,0.0,15.0,0.0,11.0,0.0,22.0,0.0,0.0,0.0,0.0,0.0,0.0,0.0,0.0,0.0,0.0,0.0,0.0,1.0,0.0,0.0,1.935,0.0,1.63,5.7,-5.174,0.467,-0.036,0.9649,0.0,0.0,False,False,False,0.0,0.0,,,0.0,0.0
16,Bahrain Grand Prix in Malaysia,SAI,Carlos Sainz,Williams,7.0,12.447629906945961,16.285714285714285,0.0,0.0,0.0,0.0,0.0,0.0,1.8571428571428572,0.7142857142857143,26.468785714285715,3.0,0.0,0.3183022561791029,1.7945497714562604,1.57,0.0,4.0,6.15,51.07,9.16,3.0,15.0,0.0,0.0,0.0,0.0,0.0,0.38461538461538447,22.0,0.0,16.7,0.0,19.0,0.0,11.0,0.0,22.0,0.0,0.0,0.0,0.0,0.0,0.0,0.0,0.0,0.0,0.0,0.0,0.0,1.0,0.0,0.0,2.548,0.0,1.619,5.768,0.609,0.169,0.0,0.9245,0.0,0.0,False,False,False,0.0,0.0,,,0.0,0.0
16,Bahrain Grand Prix in Malaysia,ALO,Fernando Alonso,Aston Martin,3.0,11.527926177756193,19.357142857142858,0.3,0.0,0.0,0.0,0.0,0.0,1.9285714285714286,0.9285714285714286,25.87270967741935,0.0,0.0,0.31516386704514393,1.7777330751789802,0.86,0.0,2.0,3.36,38.02,10.01,4.0,15.0,0.0,0.0,0.0,0.0,0.0,0.17307692307692302,22.0,0.0,16.85,0.0,17.0,0.0,11.0,0.0,22.0,0.0,0.0,0.0,0.0,0.0,0.0,0.0,0.0,0.0,0.0,0.0,0.0,1.0,0.0,0.0,2.326,0.0,0.103,4.347,-2.223,0.267,-0.086,0.9537,0.0,0.0,False,False,False,0.0,0.0,,,0.0,0.0
16,Bahrain Grand Prix in Malaysia,PER,Sergio Pérez,Cadillac F1 Team,0.0,12.14658041344065,19.357142857142858,0.0,0.0,0.0,0.0,0.0,0.0,1.4285714285714286,0.7857142857142857,26.020594594594595,0.0,0.0,0.28539285062314274,1.6258421864468304,1.3,0.0,3.0,5.15,46.5,9.42,3.0,15.0,0.0,0.0,0.0,0.0,0.0,0.19230769230769218,22.0,0.0,18.7,0.0,20.0,0.0,11.0,0.0,22.0,0.0,0.0,0.0,0.0,0.0,0.0,0.0,0.0,0.0,0.0,0.0,0.0,1.0,0.0,0.0,2.308,0.0,4.579,6.419,-2.15,0.239,0.154,0.8167,0.0,0.0,False,False,False,0.0,0.0,,,0.0,0.0
16,Bahrain Grand Prix in Malaysia,STR,Lance Stroll,Aston Martin,0.0,12.0,20.642857142857142,0.0,0.0,0.0,0.0,0.0,0.0,-1.9285714285714286,1.0,25.87270967741935,0.0,0.0,0.23876571537635255,1.413606929973106,0.55,0.0,1.0,2.55,32.91,10.22,4.0,15.0,0.0,0.0,0.0,0.0,0.0,0.0,22.0,0.0,20.15,0.0,21.0,0.0,11.0,0.0,22.0,0.0,0.0,0.0,0.0,0.0,0.0,0.0,0.0,0.0,0.0,0.0,0.0,1.0,0.0,0.0,1.818,0.0,0.318,4.347,-3.053,0.45,0.143,0.961,0.0,0.0,False,False,False,0.0,0.0,,,0.0,0.0
16,Bahrain Grand Prix in Malaysia,BOT,Valtteri Bottas,Cadillac F1 Team,0.0,12.17618651508365,19.285714285714285,0.0,0.0,0.0,0.0,0.0,0.0,-1.4285714285714286,0.9285714285714286,26.020594594594595,0.0,0.0,0.23042950867964698,1.3786929660058787,0.94,0.0,2.0,4.02,37.88,9.56,3.0,15.0,0.0,0.0,0.0,0.0,0.0,0.05769230769230771,22.0,0.0,18.5,0.0,18.0,0.0,11.0,0.0,22.0,0.0,0.0,0.0,0.0,0.0,0.0,0.0,0.0,0.0,0.0,0.0,0.0,1.0,0.0,0.0,2.128,0.0,-0.417,3.475,-4.919,0.63,-0.136,0.8032,0.0,0.0,False,False,False,0.0,0.0,,,0.0,0.0
